{
    "f_spill_json_obuf": {
        "pes": 11,
        "cycles": 1753,
        "bp_inc": 7666,
        "bp_rate": 4.373074729035938,
        "ep_inc": 3678,
        "ipc": 2.09811751283514,
        "util": 19.073795571228544,
        "pushes": 21,
        "pops": 21,
        "reads": 1295,
        "writes": 588,
        "bc": 96,
        "total_rw": 1883,
        "spill_prop": 0.022304832713754646,
        "speedup": 2.143183114660582
    },
    "f_spill_json_ibuf": {
        "pes": 11,
        "cycles": 620,
        "bp_inc": 1825,
        "bp_rate": 2.943548387096774,
        "ep_inc": 3647,
        "ipc": 5.882258064516129,
        "util": 53.475073313782985,
        "pushes": 11,
        "pops": 11,
        "reads": 1267,
        "writes": 573,
        "bc": 75,
        "total_rw": 1840,
        "spill_prop": 0.011956521739130435,
        "speedup": 4.241935483870968
    },
    "spill_json_obuf": {
        "pes": 11,
        "cycles": 1795,
        "bp_inc": 3210,
        "bp_rate": 1.7883008356545962,
        "ep_inc": 4252,
        "ipc": 2.3688022284122563,
        "util": 21.534565712838692,
        "pushes": 541,
        "pops": 541,
        "reads": 1878,
        "writes": 1099,
        "bc": 147,
        "total_rw": 2977,
        "spill_prop": 0.36345314074571716,
        "speedup": 2.0930362116991645
    },
    "spill_json_ibuf": {
        "pes": 11,
        "cycles": 967,
        "bp_inc": 4685,
        "bp_rate": 4.84488107549121,
        "ep_inc": 4028,
        "ipc": 4.16546018614271,
        "util": 37.86781987402463,
        "pushes": 360,
        "pops": 360,
        "reads": 1655,
        "writes": 918,
        "bc": 110,
        "total_rw": 2573,
        "spill_prop": 0.27982899339292655,
        "speedup": 2.719751809720786
    },
    "vanilla_bfs_o2p_obuf": {
        "pes": 39,
        "cycles": 3757,
        "bp_inc": 3313,
        "bp_rate": 0.8818206015437849,
        "ep_inc": 12919,
        "ipc": 3.4386478573329784,
        "util": 8.817045788033278,
        "pushes": 0,
        "pops": 0,
        "reads": 1276,
        "writes": 112,
        "bc": 60,
        "total_rw": 1388,
        "spill_prop": 0.0,
        "speedup": 1.0
    },
    "vanilla_bfs_o2p_ibuf": {
        "pes": 39,
        "cycles": 2630,
        "bp_inc": 1487,
        "bp_rate": 0.5653992395437263,
        "ep_inc": 12878,
        "ipc": 4.896577946768061,
        "util": 12.555328068636054,
        "pushes": 0,
        "pops": 0,
        "reads": 1231,
        "writes": 116,
        "bc": 19,
        "total_rw": 1347,
        "spill_prop": 0.0,
        "speedup": 1.0
    }
}