{
    "f_spill_json_obuf": {
        "pes": 11,
        "cycles": 469,
        "bp_inc": 1408,
        "bp_rate": 3.002132196162047,
        "ep_inc": 1128,
        "ipc": 2.405117270788913,
        "util": 21.86470246171739,
        "pushes": 0,
        "pops": 0,
        "reads": 396,
        "writes": 147,
        "bc": 28,
        "total_rw": 543,
        "spill_prop": 0.0,
        "speedup": 2.6588486140724945
    },
    "f_spill_json_ibuf": {
        "pes": 11,
        "cycles": 200,
        "bp_inc": 303,
        "bp_rate": 1.515,
        "ep_inc": 1134,
        "ipc": 5.67,
        "util": 51.54545454545455,
        "pushes": 0,
        "pops": 0,
        "reads": 402,
        "writes": 147,
        "bc": 35,
        "total_rw": 549,
        "spill_prop": 0.0,
        "speedup": 4.95
    },
    "spill_json_obuf": {
        "pes": 11,
        "cycles": 476,
        "bp_inc": 444,
        "bp_rate": 0.9327731092436975,
        "ep_inc": 1265,
        "ipc": 2.657563025210084,
        "util": 24.159663865546218,
        "pushes": 122,
        "pops": 122,
        "reads": 530,
        "writes": 271,
        "bc": 43,
        "total_rw": 801,
        "spill_prop": 0.3046192259675406,
        "speedup": 2.619747899159664
    },
    "spill_json_ibuf": {
        "pes": 11,
        "cycles": 202,
        "bp_inc": 384,
        "bp_rate": 1.900990099009901,
        "ep_inc": 1139,
        "ipc": 5.638613861386139,
        "util": 51.26012601260126,
        "pushes": 0,
        "pops": 0,
        "reads": 407,
        "writes": 147,
        "bc": 39,
        "total_rw": 554,
        "spill_prop": 0.0,
        "speedup": 4.900990099009901
    },
    "vanilla_bfs_o2p_obuf": {
        "pes": 39,
        "cycles": 1247,
        "bp_inc": 346,
        "bp_rate": 0.2774659182036889,
        "ep_inc": 4254,
        "ipc": 3.4113873295910184,
        "util": 8.74714699895133,
        "pushes": 0,
        "pops": 0,
        "reads": 406,
        "writes": 107,
        "bc": 5,
        "total_rw": 513,
        "spill_prop": 0.0,
        "speedup": 1.0
    },
    "vanilla_bfs_o2p_ibuf": {
        "pes": 39,
        "cycles": 990,
        "bp_inc": 244,
        "bp_rate": 0.24646464646464647,
        "ep_inc": 4259,
        "ipc": 4.302020202020202,
        "util": 11.03082103082103,
        "pushes": 0,
        "pops": 0,
        "reads": 411,
        "writes": 107,
        "bc": 10,
        "total_rw": 518,
        "spill_prop": 0.0,
        "speedup": 1.0
    }
}