{
    "f_spill_json_obuf": {
        "pes": 11,
        "cycles": 3090,
        "bp_inc": 13881,
        "bp_rate": 4.4922330097087375,
        "ep_inc": 6307,
        "ipc": 2.0411003236245953,
        "util": 18.555457487496323,
        "pushes": 23,
        "pops": 23,
        "reads": 2203,
        "writes": 1015,
        "bc": 132,
        "total_rw": 3218,
        "spill_prop": 0.014294592914853946,
        "speedup": 2.0766990291262135
    },
    "f_spill_json_ibuf": {
        "pes": 11,
        "cycles": 1087,
        "bp_inc": 3487,
        "bp_rate": 3.2079116835326587,
        "ep_inc": 6282,
        "ipc": 5.779208831646734,
        "util": 52.538262105879404,
        "pushes": 20,
        "pops": 20,
        "reads": 2180,
        "writes": 1010,
        "bc": 111,
        "total_rw": 3190,
        "spill_prop": 0.012539184952978056,
        "speedup": 4.008279668813247
    },
    "spill_json_obuf": {
        "pes": 11,
        "cycles": 3495,
        "bp_inc": 7661,
        "bp_rate": 2.1919885550786837,
        "ep_inc": 7311,
        "ipc": 2.0918454935622317,
        "util": 19.016777214202108,
        "pushes": 973,
        "pops": 973,
        "reads": 3210,
        "writes": 1962,
        "bc": 186,
        "total_rw": 5172,
        "spill_prop": 0.3762567672080433,
        "speedup": 1.8360515021459227
    },
    "spill_json_ibuf": {
        "pes": 11,
        "cycles": 2054,
        "bp_inc": 6619,
        "bp_rate": 3.2224926971762415,
        "ep_inc": 7703,
        "ipc": 3.750243427458617,
        "util": 34.09312206780561,
        "pushes": 961,
        "pops": 961,
        "reads": 3602,
        "writes": 1950,
        "bc": 581,
        "total_rw": 5552,
        "spill_prop": 0.3461815561959654,
        "speedup": 2.1212268743914313
    },
    "vanilla_bfs_o2p_obuf": {
        "pes": 39,
        "cycles": 6417,
        "bp_inc": 6495,
        "bp_rate": 1.0121552127162226,
        "ep_inc": 22053,
        "ipc": 3.436652641421225,
        "util": 8.811929849798013,
        "pushes": 0,
        "pops": 0,
        "reads": 2208,
        "writes": 106,
        "bc": 122,
        "total_rw": 2314,
        "spill_prop": 0.0,
        "speedup": 1.0
    },
    "vanilla_bfs_o2p_ibuf": {
        "pes": 39,
        "cycles": 4357,
        "bp_inc": 2795,
        "bp_rate": 0.6414964425063117,
        "ep_inc": 21943,
        "ipc": 5.036263484048657,
        "util": 12.913496112945275,
        "pushes": 0,
        "pops": 0,
        "reads": 2090,
        "writes": 114,
        "bc": 12,
        "total_rw": 2204,
        "spill_prop": 0.0,
        "speedup": 1.0
    }
}