{
    "f_spill_json_obuf": {
        "pes": 11,
        "cycles": 3770,
        "bp_inc": 16918,
        "bp_rate": 4.487533156498674,
        "ep_inc": 7650,
        "ipc": 2.029177718832891,
        "util": 18.447070171208104,
        "pushes": 24,
        "pops": 24,
        "reads": 2667,
        "writes": 1247,
        "bc": 179,
        "total_rw": 3914,
        "spill_prop": 0.012263668880940215,
        "speedup": 2.0360742705570294
    },
    "f_spill_json_ibuf": {
        "pes": 11,
        "cycles": 1381,
        "bp_inc": 4539,
        "bp_rate": 3.2867487328023173,
        "ep_inc": 7656,
        "ipc": 5.543808834178132,
        "util": 50.398262128892114,
        "pushes": 20,
        "pops": 20,
        "reads": 2689,
        "writes": 1227,
        "bc": 189,
        "total_rw": 3916,
        "spill_prop": 0.010214504596527068,
        "speedup": 3.782766111513396
    },
    "spill_json_obuf": {
        "pes": 11,
        "cycles": 4361,
        "bp_inc": 9442,
        "bp_rate": 2.165099747764274,
        "ep_inc": 8851,
        "ipc": 2.0295803714744323,
        "util": 18.450730649767564,
        "pushes": 1189,
        "pops": 1189,
        "reads": 3885,
        "writes": 2395,
        "bc": 211,
        "total_rw": 6280,
        "spill_prop": 0.37866242038216563,
        "speedup": 1.7601467553313461
    },
    "spill_json_ibuf": {
        "pes": 11,
        "cycles": 2299,
        "bp_inc": 10509,
        "bp_rate": 4.571117877337973,
        "ep_inc": 8958,
        "ipc": 3.896476729012614,
        "util": 35.422515718296495,
        "pushes": 1079,
        "pops": 1079,
        "reads": 3993,
        "writes": 2285,
        "bc": 426,
        "total_rw": 6278,
        "spill_prop": 0.34374004460019114,
        "speedup": 2.272292301000435
    },
    "vanilla_bfs_o2p_obuf": {
        "pes": 39,
        "cycles": 7676,
        "bp_inc": 7941,
        "bp_rate": 1.0345231891610214,
        "ep_inc": 26552,
        "ipc": 3.4590932777488277,
        "util": 8.869469942945713,
        "pushes": 0,
        "pops": 0,
        "reads": 2603,
        "writes": 106,
        "bc": 85,
        "total_rw": 2709,
        "spill_prop": 0.0,
        "speedup": 1.0
    },
    "vanilla_bfs_o2p_ibuf": {
        "pes": 39,
        "cycles": 5224,
        "bp_inc": 3455,
        "bp_rate": 0.6613705972434916,
        "ep_inc": 26487,
        "ipc": 5.070252679938744,
        "util": 13.000647897278833,
        "pushes": 0,
        "pops": 0,
        "reads": 2525,
        "writes": 119,
        "bc": 20,
        "total_rw": 2644,
        "spill_prop": 0.0,
        "speedup": 1.0
    }
}